"SEASON","TEAM_ID","TEAM_NAME","ABBREVIATION","GamesPlayed","TotalWins","TotalPoints","TotalPointsAgainst","ExpectedWinFactor","ExpectedWins"
2003,1610612737,"Atlanta Hawks","ATL",82,28,7611,7992,0.336383079853025,27.5834125479481
2003,1610612738,"Boston Celtics","BOS",82,36,7811,7930,0.447613030915155,36.7042685350427
2003,1610612739,"Cleveland Cavaliers","CLE",82,35,7619,7834,0.404418265756308,33.1622977920172
2003,1610612740,"New Orleans Pelicans","NOP",82,41,7529,7537,0.496306983045995,40.6971726097716
2003,1610612741,"Chicago Bulls","CHI",82,23,7355,7876,0.278483243572644,22.8356259729568
2003,1610612742,"Dallas Mavericks","DAL",82,52,8626,8262,0.645591935298373,52.9385386944666
2003,1610612743,"Denver Nuggets","DEN",82,43,7972,7884,0.538523792756157,44.1589510060049
2003,1610612744,"Golden State Warriors","GSW",82,37,7649,7709,0.47285507120127,38.7741158385041
2003,1610612745,"Houston Rockets","HOU",82,45,7362,7220,0.567318908570395,46.5201505027724
2003,1610612746,"Los Angeles Clippers","LAC",82,28,7771,8147,0.341355362636204,27.9911397361687
2003,1610612747,"Los Angeles Lakers","LAL",82,56,8052,7732,0.637398701374773,52.2666935127314
2003,1610612748,"Miami Heat","MIA",82,42,7402,7359,0.520249459309636,42.6604556633902
2003,1610612749,"Milwaukee Bucks","MIL",82,41,8039,7952,0.537767396093666,44.0969264796806
2003,1610612750,"Minnesota Timberwolves","MIN",82,58,7753,7303,0.696723452941429,57.1313231411971
2003,1610612751,"Brooklyn Nets","BKN",82,47,7401,7196,0.596458241189216,48.9095757775157
2003,1610612752,"New York Knicks","NYK",82,39,7542,7663,0.444876550777845,36.4798771637833
2003,1610612753,"Orlando Magic","ORL",82,21,7711,8287,0.268532986977598,22.0197049321631
2003,1610612754,"Indiana Pacers","IND",82,61,7493,7021,0.711983011259374,58.3826069232687
2003,1610612755,"Philadelphia 76ers","PHI",82,33,7215,7419,0.404237432351268,33.1474694528039
2003,1610612756,"Phoenix Suns","PHX",82,29,7723,8030,0.367667913019626,30.1487688676093
2003,1610612757,"Portland Trail Blazers","POR",82,41,7440,7544,0.451875835213068,37.0538184874715
2003,1610612758,"Sacramento Kings","SAC",82,55,8433,8022,0.667080620582567,54.7006108877705
2003,1610612759,"San Antonio Spurs","SAS",82,57,7501,6909,0.758332855199014,62.1832941263192
2003,1610612760,"Oklahoma City Thunder","OKC",82,37,7964,8016,0.477383324026329,39.145432570159
2003,1610612761,"Toronto Raptors","TOR",82,33,7006,7253,0.381790072341527,31.3067859320052
2003,1610612762,"Utah Jazz","UTA",82,42,7271,7371,0.45264131150101,37.1165875430828
2003,1610612763,"Memphis Grizzlies","MEM",82,50,7930,7730,0.587906933859064,48.2083685764432
2003,1610612764,"Washington Wizards","WAS",82,25,7528,7990,0.303962651674526,24.9249374373111
2003,1610612765,"Detroit Pistons","DET",82,54,7388,6909,0.717565434843176,58.8403656571404
2004,1610612737,"Atlanta Hawks","ATL",82,13,7605,8401,0.200260271788664,16.4213422866704
2004,1610612738,"Boston Celtics","BOS",82,45,8304,8233,0.529825348445065,43.4456785724953
2004,1610612739,"Cleveland Cavaliers","CLE",82,42,7914,7849,0.528648253607384,43.3491567958055
2004,1610612740,"New Orleans Pelicans","NOP",82,18,7252,7832,0.255356700559404,20.9392494458711
2004,1610612741,"Chicago Bulls","CHI",82,47,7745,7658,0.539203365509599,44.2146759717871
2004,1610612742,"Dallas Mavericks","DAL",82,58,8405,7934,0.690441033527171,56.616164749228
2004,1610612743,"Denver Nuggets","DEN",82,49,8161,7995,0.570981205494421,46.8204588505425
2004,1610612744,"Golden State Warriors","GSW",82,34,8094,8271,0.425335939250979,34.8775470185803
2004,1610612745,"Houston Rockets","HOU",82,51,7796,7465,0.646454408751651,53.0092615176354
2004,1610612746,"Los Angeles Clippers","LAC",82,37,7849,7912,0.472227881698146,38.7226862992479
2004,1610612747,"Los Angeles Lakers","LAL",82,34,8095,8338,0.398573315243627,32.6830118499774
2004,1610612748,"Miami Heat","MIA",82,59,8327,7792,0.7157960206488,58.6952736932016
2004,1610612749,"Milwaukee Bucks","MIL",82,30,7973,8218,0.396277346410109,32.4947424056289
2004,1610612750,"Minnesota Timberwolves","MIN",82,44,7934,7815,0.552360552166279,45.2935652776349
2004,1610612751,"Brooklyn Nets","BKN",82,42,7496,7619,0.443642169744417,36.3786579190422
2004,1610612752,"New York Knicks","NYK",82,33,7977,8177,0.414728339176272,34.0077238124543
2004,1610612753,"Orlando Magic","ORL",82,36,8160,8344,0.423072557801552,34.6919497397273
2004,1610612754,"Indiana Pacers","IND",82,44,7626,7564,0.528357449267737,43.3253108399544
2004,1610612755,"Philadelphia 76ers","PHI",82,43,8128,8189,0.474022493980843,38.8698445064292
2004,1610612756,"Phoenix Suns","PHX",82,62,9054,8470,0.716560728861816,58.7579797666689
2004,1610612757,"Portland Trail Blazers","POR",82,27,7621,7949,0.357519378237988,29.316589015515
2004,1610612758,"Sacramento Kings","SAC",82,50,8505,8328,0.572617790058935,46.9546587848327
2004,1610612759,"San Antonio Spurs","SAS",82,59,7888,7248,0.764412135304024,62.68179509493
2004,1610612760,"Oklahoma City Thunder","OKC",82,52,8113,7925,0.580816335661764,47.6269395242647
2004,1610612761,"Toronto Raptors","TOR",82,33,8178,8311,0.444134102456469,36.4189964014305
2004,1610612762,"Utah Jazz","UTA",82,26,7625,7975,0.348810606429284,28.6024697272013
2004,1610612763,"Memphis Grizzlies","MEM",82,45,7661,7473,0.585552088000314,48.0152712160257
2004,1610612764,"Washington Wizards","WAS",82,45,8241,8268,0.488627247022662,40.0674342558583
2004,1610612765,"Detroit Pistons","DET",82,54,7653,7336,0.643009089804077,52.7267453639343
2004,1610612766,"Charlotte Hornets","CHA",82,18,7729,8220,0.298023637427808,24.4379382690803
2005,1610612737,"Atlanta Hawks","ATL",82,26,7972,8362,0.339758046565039,27.8601598183332
2005,1610612738,"Boston Celtics","BOS",82,33,8033,8159,0.446088131896964,36.5792268155511
2005,1610612739,"Cleveland Cavaliers","CLE",82,50,8002,7819,0.57976423789443,47.5406675073432
2005,1610612740,"New Orleans Pelicans","NOP",82,38,7611,7842,0.39749832047816,32.5948622792091
2005,1610612741,"Chicago Bulls","CHI",82,41,8020,7968,0.522605374499664,42.8536407089724
2005,1610612742,"Dallas Mavericks","DAL",82,60,8130,7632,0.706669859434234,57.9469284736072
2005,1610612743,"Denver Nuggets","DEN",82,44,8227,8208,0.508039773002995,41.6592613862456
2005,1610612744,"Golden State Warriors","GSW",82,34,8076,8187,0.452671358586879,37.1190514041241
2005,1610612745,"Houston Rockets","HOU",82,34,7387,7517,0.439629500594785,36.0496190487723
2005,1610612746,"Los Angeles Clippers","LAC",82,47,7970,7841,0.556503854734066,45.6333160881934
2005,1610612747,"Los Angeles Lakers","LAL",82,45,8154,7949,0.587631565745378,48.185788391121
2005,1610612748,"Miami Heat","MIA",82,52,8191,7874,0.63390932854154,51.9805649404063
2005,1610612749,"Milwaukee Bucks","MIL",82,40,8020,8105,0.463403209129119,37.9990631485878
2005,1610612750,"Minnesota Timberwolves","MIN",82,33,7522,7676,0.429986246367387,35.2588722021258
2005,1610612751,"Brooklyn Nets","BKN",82,49,7691,7579,0.550837084417755,45.1686409222559
2005,1610612752,"New York Knicks","NYK",82,23,7842,8367,0.288765187563509,23.6787453802078
2005,1610612753,"Orlando Magic","ORL",82,36,7784,7872,0.460986056164999,37.8008566055299
2005,1610612754,"Indiana Pacers","IND",82,41,7699,7544,0.570257116955104,46.7610835903185
2005,1610612755,"Philadelphia 76ers","PHI",82,38,8147,8307,0.432776393346346,35.4876642544004
2005,1610612756,"Phoenix Suns","PHX",82,54,8886,8431,0.675053648948702,55.3543992137936
2005,1610612757,"Portland Trail Blazers","POR",82,21,7285,8060,0.196826680164151,16.1397877734604
2005,1610612758,"Sacramento Kings","SAC",82,44,8106,7980,0.55426435202626,45.4496768661533
2005,1610612759,"San Antonio Spurs","SAS",82,63,7837,7278,0.736787945017496,60.4166114914347
2005,1610612760,"Oklahoma City Thunder","OKC",82,35,8411,8659,0.400301533896066,32.8247257794774
2005,1610612761,"Toronto Raptors","TOR",82,27,8287,8532,0.400044743026999,32.8036689282139
2005,1610612762,"Utah Jazz","UTA",82,41,7573,7789,0.403429999330211,33.0812599450773
2005,1610612763,"Memphis Grizzlies","MEM",82,49,7558,7255,0.638564167570615,52.3622617407905
2005,1610612764,"Washington Wizards","WAS",82,42,8336,8184,0.563647380671821,46.2190852150893
2005,1610612765,"Detroit Pistons","DET",82,64,7941,7394,0.729633042463188,59.8299094819814
2005,1610612766,"Charlotte Hornets","CHA",82,26,7943,8271,0.362886069302489,29.7566576828041
2006,1610612737,"Atlanta Hawks","ATL",82,30,7680,8070,0.334251773800416,27.4086454516341
2006,1610612738,"Boston Celtics","BOS",82,24,7857,8137,0.380581119722841,31.207651817273
2006,1610612739,"Cleveland Cavaliers","CLE",82,50,7934,7620,0.636845575941174,52.2213372271762
2006,1610612740,"New Orleans Pelicans","NOP",82,39,7833,7962,0.443439394833964,36.3620303763851
2006,1610612741,"Chicago Bulls","CHI",82,49,8100,7689,0.673561988860474,55.2320830865589
2006,1610612742,"Dallas Mavericks","DAL",82,67,8201,7609,0.739273808269267,60.6204522780799
2006,1610612743,"Denver Nuggets","DEN",82,45,8639,8506,0.553745106679222,45.4070987476962
2006,1610612744,"Golden State Warriors","GSW",82,42,8737,8765,0.488875098486948,40.0877580759297
2006,1610612745,"Houston Rockets","HOU",82,52,7953,7555,0.671314004331591,55.0477483551905
2006,1610612746,"Los Angeles Clippers","LAC",82,40,7843,7881,0.483198231633061,39.622254993911
2006,1610612747,"Los Angeles Lakers","LAL",82,42,8474,8480,0.497538653730076,40.7981696058662
2006,1610612748,"Miami Heat","MIA",82,44,7759,7834,0.466597057513815,38.2609587161329
2006,1610612749,"Milwaukee Bucks","MIL",82,28,8172,8531,0.354794209385117,29.0931251695796
2006,1610612750,"Minnesota Timberwolves","MIN",82,32,7877,8178,0.372470703306749,30.5425976711534
2006,1610612751,"Brooklyn Nets","BKN",82,41,8001,8064,0.472752371270729,38.7656944441998
2006,1610612752,"New York Knicks","NYK",82,33,7994,8228,0.400993481934672,32.8814655186431
2006,1610612753,"Orlando Magic","ORL",82,40,7771,7707,0.528726730624517,43.3555919112104
2006,1610612754,"Indiana Pacers","IND",82,35,7840,8040,0.413286307823913,33.8894772415609
2006,1610612755,"Philadelphia 76ers","PHI",82,35,7785,8033,0.392645089150629,32.1968973103515
2006,1610612756,"Phoenix Suns","PHX",82,61,9037,8438,0.721913856649847,59.1969362452875
2006,1610612757,"Portland Trail Blazers","POR",82,32,7717,8069,0.349681420783545,28.6738765042507
2006,1610612758,"Sacramento Kings","SAC",82,33,8303,8451,0.438867321527305,35.987120365239
2006,1610612759,"San Antonio Spurs","SAS",82,58,8079,7388,0.776208710845991,63.6491142893712
2006,1610612760,"Oklahoma City Thunder","OKC",82,31,8130,8367,0.401385254019715,32.9135908296166
2006,1610612761,"Toronto Raptors","TOR",82,47,8157,8076,0.534648969903472,43.8412155320847
2006,1610612762,"Utah Jazz","UTA",82,51,8322,8087,0.598314920360686,49.0618234695762
2006,1610612763,"Memphis Grizzlies","MEM",82,22,8331,8753,0.334626210155551,27.4393492327552
2006,1610612764,"Washington Wizards","WAS",82,41,8556,8598,0.482977865479946,39.6041849693556
2006,1610612765,"Detroit Pistons","DET",82,53,7872,7531,0.649307116627955,53.2431835634923
2006,1610612766,"Charlotte Hornets","CHA",82,33,7945,8252,0.371131206877431,30.4327589639493
2007,1610612737,"Atlanta Hawks","ATL",82,37,8054,8203,0.43659682885246,35.8009399659017
2007,1610612738,"Boston Celtics","BOS",82,66,8245,7404,0.817056228220003,66.9986107140403
2007,1610612739,"Cleveland Cavaliers","CLE",82,45,7903,7932,0.487265449549074,39.9557668630241
2007,1610612740,"New Orleans Pelicans","NOP",82,56,8270,7837,0.678755303434478,55.6579348816272
2007,1610612741,"Chicago Bulls","CHI",82,33,7981,8234,0.393146247891821,32.2379923271293
2007,1610612742,"Dallas Mavericks","DAL",82,51,8234,7862,0.655447507533003,53.7466956177063
2007,1610612743,"Denver Nuggets","DEN",82,50,9074,8770,0.616330626167218,50.5391113457119
2007,1610612744,"Golden State Warriors","GSW",82,48,9105,8924,0.569375818186462,46.6888170912899
2007,1610612745,"Houston Rockets","HOU",82,55,7931,7547,0.666042414682471,54.6154780039626
2007,1610612746,"Los Angeles Clippers","LAC",82,23,7692,8288,0.261521884038108,21.4447944911249
2007,1610612747,"Los Angeles Lakers","LAL",82,57,8904,8309,0.723528934675344,59.3293726433782
2007,1610612748,"Miami Heat","MIA",82,15,7491,8200,0.221334384827941,18.1494195558911
2007,1610612749,"Milwaukee Bucks","MIL",82,26,7956,8521,0.278015229019345,22.7972487795863
2007,1610612750,"Minnesota Timberwolves","MIN",82,22,7839,8395,0.278245153117124,22.8161025556042
2007,1610612751,"Brooklyn Nets","BKN",82,34,7857,8272,0.328281461109903,26.919079811012
2007,1610612752,"New York Knicks","NYK",82,23,7948,8490,0.285442211218829,23.406261319944
2007,1610612753,"Orlando Magic","ORL",82,52,8567,8119,0.67854968454697,55.6410741328515
2007,1610612754,"Indiana Pacers","IND",82,36,8527,8642,0.453548226926563,37.1909546079781
2007,1610612755,"Philadelphia 76ers","PHI",82,40,7923,7889,0.514950662309658,42.2259543093919
2007,1610612756,"Phoenix Suns","PHX",82,55,9026,8612,0.657711483126182,53.9323416163469
2007,1610612757,"Portland Trail Blazers","POR",82,41,7820,7900,0.464664296763652,38.1024723346195
2007,1610612758,"Sacramento Kings","SAC",82,38,8408,8593,0.424887510964488,34.840775899088
2007,1610612759,"San Antonio Spurs","SAS",82,56,7820,7427,0.671997857754256,55.103824335849
2007,1610612760,"Oklahoma City Thunder","OKC",82,20,7999,8717,0.232243855867673,19.0439961811492
2007,1610612761,"Toronto Raptors","TOR",82,41,8215,7977,0.600834874597336,49.2684597169815
2007,1610612762,"Utah Jazz","UTA",82,54,8710,8146,0.717319063867502,58.8201632371351
2007,1610612763,"Memphis Grizzlies","MEM",82,22,8257,8766,0.303204148255942,24.8627401569873
2007,1610612764,"Washington Wizards","WAS",82,43,8104,8131,0.488435375278131,40.0517007728067
2007,1610612765,"Detroit Pistons","DET",82,59,7992,7386,0.749673032897511,61.4731886975959
2007,1610612766,"Charlotte Hornets","CHA",82,32,7959,8318,0.351218369962564,28.7999063369303
2008,1610612737,"Atlanta Hawks","ATL",82,47,8046,7917,0.555970328094751,45.5895669037696
2008,1610612738,"Boston Celtics","BOS",82,62,8275,7659,0.745744379581484,61.1510391256817
2008,1610612739,"Cleveland Cavaliers","CLE",82,66,8223,7491,0.785307456630322,64.3952114436864
2008,1610612740,"New Orleans Pelicans","NOP",82,49,7857,7730,0.556427899877234,45.6270877899332
2008,1610612741,"Chicago Bulls","CHI",82,41,8378,8401,0.490467505973385,40.2183354898176
2008,1610612742,"Dallas Mavericks","DAL",82,50,8343,8181,0.567768842621778,46.5570450949858
2008,1610612743,"Denver Nuggets","DEN",82,54,8555,8275,0.613697851331859,50.3232238092124
2008,1610612744,"Golden State Warriors","GSW",82,29,8905,9212,0.384269214012576,31.5100755490312
2008,1610612745,"Houston Rockets","HOU",82,53,8070,7742,0.640416795764103,52.5141772526565
2008,1610612746,"Los Angeles Clippers","LAC",82,19,7799,8518,0.22676514066764,18.5947415347464
2008,1610612747,"Los Angeles Lakers","LAL",82,65,8768,8140,0.737646335815161,60.4869995368432
2008,1610612748,"Miami Heat","MIA",82,43,8061,8040,0.50907018573261,41.7437552300741
2008,1610612749,"Milwaukee Bucks","MIL",82,34,8142,8231,0.462265673407084,37.9057852193809
2008,1610612750,"Minnesota Timberwolves","MIN",82,24,8019,8422,0.335802260239645,27.5357853396509
2008,1610612751,"Brooklyn Nets","BKN",82,34,8044,8244,0.41541641451808,34.0641459904826
2008,1610612752,"New York Knicks","NYK",82,32,8627,8841,0.415605657470752,34.0796639126017
2008,1610612753,"Orlando Magic","ORL",82,59,8286,7737,0.721833930913973,59.1903823349458
2008,1610612754,"Indiana Pacers","IND",82,36,8617,8708,0.463533217373963,38.0097238246649
2008,1610612755,"Philadelphia 76ers","PHI",82,41,7987,7981,0.502613328029102,41.2142928983864
2008,1610612756,"Phoenix Suns","PHX",82,46,8974,8816,0.561459353142849,46.0396669577136
2008,1610612757,"Portland Trail Blazers","POR",82,54,8153,7715,0.683110360072675,56.0150495259594
2008,1610612758,"Sacramento Kings","SAC",82,17,8248,8966,0.238476113848158,19.5550413355489
2008,1610612759,"San Antonio Spurs","SAS",82,54,7958,7650,0.633916643815468,51.9811647928684
2008,1610612760,"Oklahoma City Thunder","OKC",82,23,7952,8452,0.299804988560509,24.5840090619617
2008,1610612761,"Toronto Raptors","TOR",82,33,8121,8352,0.403682648177003,33.1019771505143
2008,1610612762,"Utah Jazz","UTA",82,48,8492,8275,0.589057139345129,48.3026854263006
2008,1610612763,"Memphis Grizzlies","MEM",82,24,7698,8146,0.312847718335129,25.6535129034806
2008,1610612764,"Washington Wizards","WAS",82,19,7877,8489,0.260995074473951,21.401596106864
2008,1610612765,"Detroit Pistons","DET",82,39,7727,7767,0.48205233689284,39.5282916252129
2008,1610612766,"Charlotte Hornets","CHA",82,35,7677,7781,0.453342830079454,37.1741120665152
2009,1610612737,"Atlanta Hawks","ATL",82,53,8338,7956,0.657537025515619,53.9180360922807
2009,1610612738,"Boston Celtics","BOS",82,50,8136,7836,0.627755743961521,51.4759710048447
2009,1610612739,"Cleveland Cavaliers","CLE",82,61,8373,7838,0.714727612539824,58.6076642282655
2009,1610612740,"New Orleans Pelicans","NOP",82,37,8220,8422,0.416369558657613,34.1423038099243
2009,1610612741,"Chicago Bulls","CHI",82,41,7993,8127,0.442440460670092,36.2801177749475
2009,1610612742,"Dallas Mavericks","DAL",82,55,8364,8141,0.592883971061139,48.6164856270134
2009,1610612743,"Denver Nuggets","DEN",82,53,8729,8394,0.632823544098449,51.8915306160728
2009,1610612744,"Golden State Warriors","GSW",82,26,8922,9217,0.388770120518473,31.8791498825148
2009,1610612745,"Houston Rockets","HOU",82,42,8395,8425,0.487597656243756,39.983007811988
2009,1610612746,"Los Angeles Clippers","LAC",82,29,7849,8370,0.290292393777717,23.8039762897728
2009,1610612747,"Los Angeles Lakers","LAL",82,57,8339,7952,0.659485194333161,54.0777859353192
2009,1610612748,"Miami Heat","MIA",82,47,7914,7727,0.582397946572057,47.7566316189087
2009,1610612749,"Milwaukee Bucks","MIL",82,46,8009,7870,0.560584400446448,45.9679208366088
2009,1610612750,"Minnesota Timberwolves","MIN",82,15,8051,8838,0.214618693687305,17.598732882359
2009,1610612751,"Brooklyn Nets","BKN",82,12,7575,8323,0.212504152591005,17.4253405124624
2009,1610612752,"New York Knicks","NYK",82,29,8373,8686,0.375076075933108,30.7562382265149
2009,1610612753,"Orlando Magic","ORL",82,59,8426,7812,0.7412444374827,60.7820438735814
2009,1610612754,"Indiana Pacers","IND",82,32,8263,8510,0.398982075101578,32.7165301583294
2009,1610612755,"Philadelphia 76ers","PHI",82,27,8014,8334,0.367112236642239,30.1032034046636
2009,1610612756,"Phoenix Suns","PHX",82,54,9039,8637,0.653126594076481,53.5563807142715
2009,1610612757,"Portland Trail Blazers","POR",82,50,8045,7774,0.616953989709451,50.590227156175
2009,1610612758,"Sacramento Kings","SAC",82,25,8200,8558,0.355624282853391,29.1611911939781
2009,1610612759,"San Antonio Spurs","SAS",82,50,8312,7895,0.671715908699233,55.0807045133371
2009,1610612760,"Oklahoma City Thunder","OKC",82,50,8322,8036,0.619269524512351,50.7801010100128
2009,1610612761,"Toronto Raptors","TOR",82,40,8534,8680,0.441282156065348,36.1851367973585
2009,1610612762,"Utah Jazz","UTA",82,53,8547,8109,0.675188416021979,55.3654501138023
2009,1610612763,"Memphis Grizzlies","MEM",82,40,8404,8528,0.44924023057655,36.8376989072771
2009,1610612764,"Washington Wizards","WAS",82,26,7892,8284,0.337533303822774,27.6777309134675
2009,1610612765,"Detroit Pistons","DET",82,27,7709,8128,0.323834253865321,26.5544088169563
2009,1610612766,"Charlotte Hornets","CHA",82,44,7813,7693,0.553618437907795,45.3967119084392
2010,1610612737,"Atlanta Hawks","ATL",82,44,7790,7857,0.470253878248272,38.5608180163583
2010,1610612738,"Boston Celtics","BOS",82,56,7913,7473,0.689074783583894,56.5041322538793
2010,1610612739,"Cleveland Cavaliers","CLE",82,19,7827,8566,0.221838881147697,18.1907882541112
2010,1610612740,"New Orleans Pelicans","NOP",82,46,7784,7711,0.532719792548965,43.6830229890152
2010,1610612741,"Chicago Bulls","CHI",82,62,8087,7487,0.745037303655371,61.0930588997404
2010,1610612742,"Dallas Mavericks","DAL",82,57,8220,7873,0.645645451684446,52.9429270381246
2010,1610612743,"Denver Nuggets","DEN",82,50,8811,8421,0.65243015546973,53.4992727485179
2010,1610612744,"Golden State Warriors","GSW",82,36,8477,8668,0.42313054408611,34.696704615061
2010,1610612745,"Houston Rockets","HOU",82,43,8685,8506,0.571918802388993,46.8973417958974
2010,1610612746,"Los Angeles Clippers","LAC",82,32,8089,8346,0.39291707785596,32.2192003841887
2010,1610612747,"Los Angeles Lakers","LAL",82,57,8321,7820,0.703450129928208,57.682910654113
2010,1610612748,"Miami Heat","MIA",82,58,8369,7757,0.741984347232717,60.8427164730828
2010,1610612749,"Milwaukee Bucks","MIL",82,35,7534,7603,0.468338758366215,38.4037781860297
2010,1610612750,"Minnesota Timberwolves","MIN",82,17,8288,8832,0.292287981347384,23.9676144704855
2010,1610612751,"Brooklyn Nets","BKN",82,24,7722,8234,0.290490813882278,23.8202467383468
2010,1610612752,"New York Knicks","NYK",82,42,8734,8670,0.525553561963033,43.0953920809687
2010,1610612753,"Orlando Magic","ORL",82,52,8135,7687,0.687387557016438,56.3657796753479
2010,1610612754,"Indiana Pacers","IND",82,37,8183,8271,0.462871083609016,37.9554288559393
2010,1610612755,"Philadelphia 76ers","PHI",82,41,8119,7996,0.552887469153275,45.3367724705685
2010,1610612756,"Phoenix Suns","PHX",82,40,8611,8684,0.470677339119259,38.5955418077793
2010,1610612757,"Portland Trail Blazers","POR",82,48,7896,7771,0.555265294957512,45.531754186516
2010,1610612758,"Sacramento Kings","SAC",82,24,8151,8589,0.325617739563043,26.7006546441696
2010,1610612759,"San Antonio Spurs","SAS",82,61,8502,8034,0.687309069899636,56.3593437317701
2010,1610612760,"Oklahoma City Thunder","OKC",82,55,8596,8285,0.625412980164888,51.2838643735208
2010,1610612761,"Toronto Raptors","TOR",82,22,8124,8639,0.298391974712424,24.4681419264187
2010,1610612762,"Utah Jazz","UTA",82,39,8153,8303,0.436939499710338,35.8290389762477
2010,1610612763,"Memphis Grizzlies","MEM",82,46,8195,8003,0.581704550710554,47.6997731582655
2010,1610612764,"Washington Wizards","WAS",82,23,7977,8584,0.265002842951669,21.7302331220368
2010,1610612765,"Detroit Pistons","DET",82,30,7951,8246,0.375956029980285,30.8283944583833
2010,1610612766,"Charlotte Hornets","CHA",82,34,7650,7978,0.358019358805388,29.3575874220418
2011,1610612737,"Atlanta Hawks","ATL",66,40,6375,6148,0.623478366197111,41.1495721690093
2011,1610612738,"Boston Celtics","BOS",66,39,6062,5896,0.595372369201703,39.2945763673124
2011,1610612739,"Cleveland Cavaliers","CLE",66,21,6140,6615,0.261825031209448,17.2804520598236
2011,1610612740,"New Orleans Pelicans","NOP",66,21,5916,6164,0.360955517757451,23.8230641719918
2011,1610612741,"Chicago Bulls","CHI",66,50,6359,5819,0.774589678393165,51.1229187739489
2011,1610612742,"Dallas Mavericks","DAL",66,36,6322,6259,0.534771590825618,35.2949249944908
2011,1610612743,"Denver Nuggets","DEN",66,38,6872,6682,0.596284231490955,39.3547592784031
2011,1610612744,"Golden State Warriors","GSW",66,23,6453,6678,0.383021505713225,25.2794193770729
2011,1610612745,"Houston Rockets","HOU",66,34,6474,6459,0.508065877717914,33.5323479293823
2011,1610612746,"Los Angeles Clippers","LAC",66,40,6438,6269,0.591464060238197,39.036627975721
2011,1610612747,"Los Angeles Lakers","LAL",66,41,6422,6328,0.55109799487792,36.3724676619427
2011,1610612748,"Miami Heat","MIA",66,46,6500,6105,0.705177175810846,46.5416936035158
2011,1610612749,"Milwaukee Bucks","MIL",66,31,6535,6517,0.509590463151442,33.6329705679951
2011,1610612750,"Minnesota Timberwolves","MIN",66,26,6464,6609,0.423461399491326,27.9484523664275
2011,1610612751,"Brooklyn Nets","BKN",66,22,6144,6539,0.295939802724838,19.5320269798393
2011,1610612752,"New York Knicks","NYK",66,36,6458,6247,0.613504383889539,40.4912893367096
2011,1610612753,"Orlando Magic","ORL",66,37,6215,6163,0.529184926591194,34.9262051550188
2011,1610612754,"Indiana Pacers","IND",66,42,6449,6231,0.617355933484263,40.7454916099613
2011,1610612755,"Philadelphia 76ers","PHI",66,35,6180,5900,0.655871545927325,43.2875220312034
2011,1610612756,"Phoenix Suns","PHX",66,33,6492,6508,0.491440831877041,32.4350949038847
2011,1610612757,"Portland Trail Blazers","POR",66,28,6415,6456,0.477859568835898,31.5387315431693
2011,1610612758,"Sacramento Kings","SAC",66,22,6518,6893,0.314727575397975,20.7720199762663
2011,1610612759,"San Antonio Spurs","SAS",66,50,6841,6368,0.730395526966528,48.2061047797909
2011,1610612760,"Oklahoma City Thunder","OKC",66,47,6802,6398,0.700929214684414,46.2613281691713
2011,1610612761,"Toronto Raptors","TOR",66,23,5986,6204,0.378111350309753,24.9553491204437
2011,1610612762,"Utah Jazz","UTA",66,36,6577,6536,0.521732347168613,34.4343349131285
2011,1610612763,"Memphis Grizzlies","MEM",66,41,6269,6136,0.574022751379787,37.885501591066
2011,1610612764,"Washington Wizards","WAS",66,20,6180,6497,0.332741937887428,21.9609679005703
2011,1610612765,"Detroit Pistons","DET",66,25,5997,6313,0.328649058310347,21.6908378484829
2011,1610612766,"Charlotte Hornets","CHA",66,7,5739,6657,0.11264330615621,7.43445820630986
2012,1610612737,"Atlanta Hawks","ATL",82,44,8032,7999,0.514313057079074,42.1736706804841
2012,1610612738,"Boston Celtics","BOS",81,41,7818,7836,0.492003361406815,39.852272273952
2012,1610612739,"Cleveland Cavaliers","CLE",82,24,7913,8297,0.340929781247485,27.9562420622938
2012,1610612740,"New Orleans Pelicans","NOP",82,27,7714,8031,0.363504375302158,29.807358774777
2012,1610612741,"Chicago Bulls","CHI",82,45,7641,7615,0.51185083301019,41.9717683068356
2012,1610612742,"Dallas Mavericks","DAL",82,41,8293,8342,0.47952477293191,39.3210313804166
2012,1610612743,"Denver Nuggets","DEN",82,57,8704,8287,0.664387163826427,54.479747433767
2012,1610612744,"Golden State Warriors","GSW",82,47,8296,8223,0.53069675957635,43.5171342852607
2012,1610612745,"Houston Rockets","HOU",82,45,8688,8403,0.613951716118806,50.3440407217421
2012,1610612746,"Los Angeles Clippers","LAC",82,56,8289,7760,0.71449628889965,58.5886956897713
2012,1610612747,"Los Angeles Lakers","LAL",82,45,8381,8286,0.539560275095963,44.243942557869
2012,1610612748,"Miami Heat","MIA",82,66,8436,7791,0.751455121874415,61.619319993702
2012,1610612749,"Milwaukee Bucks","MIL",82,38,8108,8231,0.447832310529738,36.7222494634385
2012,1610612750,"Minnesota Timberwolves","MIN",82,31,7851,8045,0.415920913083372,34.1055148728365
2012,1610612751,"Brooklyn Nets","BKN",82,49,7944,7798,0.564150839246665,46.2603688182265
2012,1610612752,"New York Knicks","NYK",82,54,8196,7849,0.646056101957067,52.9766003604795
2012,1610612753,"Orlando Magic","ORL",82,20,7718,8291,0.269695271672043,22.1150122771075
2012,1610612754,"Indiana Pacers","IND",81,49,7674,7348,0.646532210708819,52.3691090674143
2012,1610612755,"Philadelphia 76ers","PHI",82,34,7640,7914,0.379863145949207,31.148777967835
2012,1610612756,"Phoenix Suns","PHX",82,25,7805,8335,0.286208044835308,23.4690596764952
2012,1610612757,"Portland Trail Blazers","POR",82,33,7995,8255,0.390512612265266,32.0220342057518
2012,1610612758,"Sacramento Kings","SAC",82,28,8219,8619,0.34051266360367,27.922038415501
2012,1610612759,"San Antonio Spurs","SAS",82,58,8448,7923,0.709398164438785,58.1706494839804
2012,1610612760,"Oklahoma City Thunder","OKC",82,60,8669,7914,0.780311163804009,63.9855154319287
2012,1610612761,"Toronto Raptors","TOR",82,34,7971,8092,0.4477990203066,36.7195196651412
2012,1610612762,"Utah Jazz","UTA",82,43,8038,8045,0.496972927422958,40.7517800486825
2012,1610612763,"Memphis Grizzlies","MEM",82,56,7659,7319,0.652857016380405,53.5342753431932
2012,1610612764,"Washington Wizards","WAS",82,29,7644,7852,0.407708791244501,33.432120882049
2012,1610612765,"Detroit Pistons","DET",82,29,7778,8105,0.360581653071831,29.5676955518902
2012,1610612766,"Charlotte Hornets","CHA",82,21,7661,8418,0.212363747855063,17.4138273241151
2013,1610612737,"Atlanta Hawks","ATL",82,38,8282,8321,0.48366867360686,39.6608312357625
2013,1610612738,"Boston Celtics","BOS",82,25,7892,8258,0.347379082742555,28.4850847848895
2013,1610612739,"Cleveland Cavaliers","CLE",82,33,8054,8324,0.387301625955485,31.7587333283498
2013,1610612740,"New Orleans Pelicans","NOP",82,34,8177,8399,0.407910126427222,33.4486303670322
2013,1610612741,"Chicago Bulls","CHI",82,48,7680,7528,0.56907125796368,46.6638431530218
2013,1610612742,"Dallas Mavericks","DAL",82,49,8597,8400,0.579922692698224,47.5536608012544
2013,1610612743,"Denver Nuggets","DEN",82,36,8559,8735,0.429686032297089,35.2342546483613
2013,1610612744,"Golden State Warriors","GSW",82,51,8549,8155,0.65843249166677,53.9914643166751
2013,1610612745,"Houston Rockets","HOU",82,54,8829,8455,0.646131419955854,52.98277643638
2013,1610612746,"Los Angeles Clippers","LAC",82,57,8850,8278,0.716955871032437,58.7903814246598
2013,1610612747,"Los Angeles Lakers","LAL",82,27,8442,8958,0.304650607959777,24.9813498527017
2013,1610612748,"Miami Heat","MIA",82,54,8380,7990,0.659914005700314,54.1129484674258
2013,1610612749,"Milwaukee Bucks","MIL",82,15,7829,8500,0.241616317084357,19.8125380009173
2013,1610612750,"Minnesota Timberwolves","MIN",82,40,8768,8549,0.587064984588928,48.1393287362921
2013,1610612751,"Brooklyn Nets","BKN",82,44,8079,8161,0.464939723367406,38.1250573161273
2013,1610612752,"New York Knicks","NYK",82,37,8084,8149,0.472179480211783,38.7187173773662
2013,1610612753,"Orlando Magic","ORL",82,23,7914,8360,0.318078374330223,26.0824266950783
2013,1610612754,"Indiana Pacers","IND",82,56,7933,7572,0.656524653855856,53.8350216161802
2013,1610612755,"Philadelphia 76ers","PHI",82,19,8155,9012,0.199412914978498,16.3518590282368
2013,1610612756,"Phoenix Suns","PHX",82,48,8629,8413,0.587254082797073,48.15483478936
2013,1610612757,"Portland Trail Blazers","POR",82,54,8753,8426,0.629393079689639,51.6102325345504
2013,1610612758,"Sacramento Kings","SAC",82,28,8241,8479,0.402266754059096,32.9858738328459
2013,1610612759,"San Antonio Spurs","SAS",82,62,8639,8006,0.742401770576878,60.876945187304
2013,1610612760,"Oklahoma City Thunder","OKC",82,59,8705,8185,0.701986959273153,57.5629306603986
2013,1610612761,"Toronto Raptors","TOR",82,48,8305,8039,0.611307809523147,50.127240380898
2013,1610612762,"Utah Jazz","UTA",82,25,7791,8379,0.266572476894515,21.8589431053502
2013,1610612763,"Memphis Grizzlies","MEM",82,50,7884,7755,0.557119928529442,45.6838341394142
2013,1610612764,"Washington Wizards","WAS",82,44,8254,8150,0.54398075497493,44.6064219079442
2013,1610612765,"Detroit Pistons","DET",82,29,8286,8586,0.378782791951428,31.0601889400171
2013,1610612766,"Charlotte Hornets","CHA",82,43,7942,7960,0.492128052499393,40.3545003049503
2014,1610612737,"Atlanta Hawks","ATL",82,60,8409,7964,0.680550546033515,55.8051447747482
2014,1610612738,"Boston Celtics","BOS",82,40,8312,8299,0.505442865991119,41.4463150112717
2014,1610612739,"Cleveland Cavaliers","CLE",82,53,8457,8090,0.649565042970469,53.2643335235785
2014,1610612740,"New Orleans Pelicans","NOP",82,45,8147,8082,0.52782736268419,43.2818437401036
2014,1610612741,"Chicago Bulls","CHI",82,50,8265,8019,0.603556144233448,49.4916038271427
2014,1610612742,"Dallas Mavericks","DAL",82,50,8628,8390,0.596064438123699,48.8772839261433
2014,1610612743,"Denver Nuggets","DEN",82,30,8320,8611,0.382677076103778,31.3795202405098
2014,1610612744,"Golden State Warriors","GSW",82,67,9016,8188,0.792484304927507,64.9837130040556
2014,1610612745,"Houston Rockets","HOU",82,56,8522,8240,0.614929547240451,50.424222873717
2014,1610612746,"Los Angeles Clippers","LAC",82,56,8751,8211,0.708058495956001,58.0607966683921
2014,1610612747,"Los Angeles Lakers","LAL",82,21,8073,8634,0.282010251539692,23.1248406262548
2014,1610612748,"Miami Heat","MIA",82,37,7764,7977,0.406978457441983,33.3722335102426
2014,1610612749,"Milwaukee Bucks","MIL",82,41,8023,7988,0.515198950197677,42.2463139162096
2014,1610612750,"Minnesota Timberwolves","MIN",82,16,8016,8737,0.231825630017356,19.0097016614232
2014,1610612751,"Brooklyn Nets","BKN",82,38,8038,8274,0.400705974957655,32.8578899465277
2014,1610612752,"New York Knicks","NYK",82,17,7535,8299,0.206955613189542,16.9703602815424
2014,1610612753,"Orlando Magic","ORL",82,25,7847,8316,0.308428484068291,25.2911356935998
2014,1610612754,"Indiana Pacers","IND",82,38,7981,7958,0.510034734400868,41.8228482208712
2014,1610612755,"Philadelphia 76ers","PHI",82,18,7542,8278,0.214971314077394,17.6276477543463
2014,1610612756,"Phoenix Suns","PHX",82,39,8397,8471,0.469526002440681,38.5011322001359
2014,1610612757,"Portland Trail Blazers","POR",82,51,8429,8082,0.642161796186931,52.6572672873283
2014,1610612758,"Sacramento Kings","SAC",82,29,8310,8614,0.377593578356714,30.9626734252505
2014,1610612759,"San Antonio Spurs","SAS",82,55,8461,7953,0.702928331396192,57.6401231744878
2014,1610612760,"Oklahoma City Thunder","OKC",82,45,8524,8345,0.573272152849663,47.0083165336724
2014,1610612761,"Toronto Raptors","TOR",82,49,8527,8275,0.602832582264751,49.4322717457096
2014,1610612762,"Utah Jazz","UTA",82,38,7801,7783,0.508032551651216,41.6586692353997
2014,1610612763,"Memphis Grizzlies","MEM",82,55,8062,7796,0.614600684427608,50.3972561230639
2014,1610612764,"Washington Wizards","WAS",82,46,8080,8021,0.525463749522367,43.0880274608341
2014,1610612765,"Detroit Pistons","DET",82,32,8077,8159,0.464931113909387,38.1243513405698
2014,1610612766,"Charlotte Hornets","CHA",82,33,7721,7981,0.38682053620898,31.7192839691363
2015,1610612737,"Atlanta Hawks","ATL",82,48,8433,8137,0.621758405793385,50.9841892750576
2015,1610612738,"Boston Celtics","BOS",82,48,8669,8406,0.60552383557859,49.6529545174444
2015,1610612739,"Cleveland Cavaliers","CLE",82,57,8555,8063,0.695061930260978,56.9950782814002
2015,1610612740,"New Orleans Pelicans","NOP",82,30,8423,8734,0.376521208116879,30.8747390655841
2015,1610612741,"Chicago Bulls","CHI",82,42,8335,8456,0.450046923539638,36.9038477302503
2015,1610612742,"Dallas Mavericks","DAL",82,42,8388,8413,0.489652383646997,40.1514954590537
2015,1610612743,"Denver Nuggets","DEN",82,33,8355,8609,0.397336191294998,32.5815676861898
2015,1610612744,"Golden State Warriors","GSW",82,73,9421,8539,0.796946155821789,65.3495847773867
2015,1610612745,"Houston Rockets","HOU",82,41,8737,8721,0.506373811613954,41.5226525523442
2015,1610612746,"Los Angeles Clippers","LAC",82,53,8569,8218,0.641475546078243,52.6009947784159
2015,1610612747,"Los Angeles Lakers","LAL",82,17,7982,8766,0.213618540016253,17.5167202813327
2015,1610612748,"Miami Heat","MIA",82,48,8204,8069,0.557444886577708,45.710480699372
2015,1610612749,"Milwaukee Bucks","MIL",82,33,8122,8465,0.359999230275099,29.5199368825581
2015,1610612750,"Minnesota Timberwolves","MIN",82,29,8398,8688,0.384087833566414,31.495202352446
2015,1610612751,"Brooklyn Nets","BKN",82,21,8089,8692,0.268921669866343,22.0515769290401
2015,1610612752,"New York Knicks","NYK",82,32,8065,8289,0.40586810053912,33.2811842442079
2015,1610612753,"Orlando Magic","ORL",82,35,8369,8502,0.445388892671011,36.5218891990229
2015,1610612754,"Indiana Pacers","IND",82,45,8377,8237,0.558341628395815,45.7840135284568
2015,1610612755,"Philadelphia 76ers","PHI",82,10,7988,8827,0.199526185735718,16.3611472303289
2015,1610612756,"Phoenix Suns","PHX",82,23,8271,8817,0.291272012993247,23.8843050654463
2015,1610612757,"Portland Trail Blazers","POR",82,44,8622,8554,0.527507274641562,43.2555965206081
2015,1610612758,"Sacramento Kings","SAC",82,33,8740,8943,0.420825316200395,34.5076759284324
2015,1610612759,"San Antonio Spurs","SAS",82,67,8490,7618,0.818690127870462,67.1325904853779
2015,1610612760,"Oklahoma City Thunder","OKC",82,55,9038,8441,0.721229679064973,59.1408336833278
2015,1610612761,"Toronto Raptors","TOR",82,56,8422,8053,0.650947051600073,53.377658231206
2015,1610612762,"Utah Jazz","UTA",82,40,8010,7863,0.564058188738661,46.2527714765702
2015,1610612763,"Memphis Grizzlies","MEM",82,42,8126,8310,0.422759340429578,34.6662659152254
2015,1610612764,"Washington Wizards","WAS",82,41,8534,8575,0.483339179641916,39.6338127306371
2015,1610612765,"Detroit Pistons","DET",82,44,8361,8311,0.520846296411209,42.7093963057192
2015,1610612766,"Charlotte Hornets","CHA",82,48,8479,8256,0.591636236508405,48.5141713936892
2016,1610612737,"Atlanta Hawks","ATL",82,43,8459,8529,0.471372715568629,38.6525626766276
2016,1610612738,"Boston Celtics","BOS",82,53,8857,8641,0.585024678219047,47.9720236139619
2016,1610612739,"Cleveland Cavaliers","CLE",82,51,9048,8787,0.600404550025437,49.2331731020858
2016,1610612740,"New Orleans Pelicans","NOP",82,34,8556,8728,0.431224469849415,35.360406527652
2016,1610612741,"Chicago Bulls","CHI",82,41,8435,8400,0.514455450788535,42.1853469646599
2016,1610612742,"Dallas Mavericks","DAL",82,33,8029,8269,0.398984174263297,32.7167022895904
2016,1610612743,"Denver Nuggets","DEN",82,40,9161,9119,0.51597434897873,42.3098966162558
2016,1610612744,"Golden State Warriors","GSW",82,67,9503,8549,0.813297982309379,66.6904345493691
2016,1610612745,"Houston Rockets","HOU",82,55,9458,8985,0.671205968697864,55.0388894332248
2016,1610612746,"Los Angeles Clippers","LAC",82,51,8911,8559,0.636595111682308,52.2007991579493
2016,1610612747,"Los Angeles Lakers","LAL",82,26,8575,9139,0.291922192325031,23.9376197706525
2016,1610612748,"Miami Heat","MIA",82,41,8460,8373,0.535884871251384,43.9425594426135
2016,1610612749,"Milwaukee Bucks","MIL",82,42,8497,8512,0.493866788499676,40.4970766569735
2016,1610612750,"Minnesota Timberwolves","MIN",82,31,8657,8748,0.463700244681358,38.0234200638714
2016,1610612751,"Brooklyn Nets","BKN",82,20,8673,9225,0.297698636718364,24.4112882109058
2016,1610612752,"New York Knicks","NYK",82,31,8556,8857,0.38202955921844,31.3264238559121
2016,1610612753,"Orlando Magic","ORL",82,29,8288,8827,0.293920046405549,24.101443805255
2016,1610612754,"Indiana Pacers","IND",82,42,8618,8636,0.492744797809674,40.4050734203933
2016,1610612755,"Philadelphia 76ers","PHI",82,28,8400,8867,0.320255479795289,26.2609493432137
2016,1610612756,"Phoenix Suns","PHX",82,24,8831,9293,0.329750218713567,27.0395179345125
2016,1610612757,"Portland Trail Blazers","POR",82,41,8851,8894,0.48315286704169,39.6185350974185
2016,1610612758,"Sacramento Kings","SAC",82,32,8430,8748,0.374007138994272,30.6685853975303
2016,1610612759,"San Antonio Spurs","SAS",82,61,8637,8047,0.727943813395941,59.6913926984672
2016,1610612760,"Oklahoma City Thunder","OKC",82,47,8741,8679,0.524733631710998,43.0281578003018
2016,1610612761,"Toronto Raptors","TOR",82,51,8762,8417,0.63616898295155,52.1658566020271
2016,1610612762,"Utah Jazz","UTA",82,51,8258,7935,0.635293948533547,52.0941037797509
2016,1610612763,"Memphis Grizzlies","MEM",82,43,8239,8199,0.516917772919721,42.3872573794171
2016,1610612764,"Washington Wizards","WAS",82,49,8953,8805,0.557707896817486,45.7320475390339
2016,1610612765,"Detroit Pistons","DET",82,37,8309,8401,0.461782261924792,37.8661454778329
2016,1610612766,"Charlotte Hornets","CHA",82,36,8601,8585,0.506474677751942,41.5309235756593
2017,1610612737,"Atlanta Hawks","ATL",82,24,8475,8922,0.328502286041907,26.9371874554364
2017,1610612738,"Boston Celtics","BOS",82,55,8529,8235,0.619622330004055,50.8090310603325
2017,1610612739,"Cleveland Cavaliers","CLE",82,50,9091,9014,0.529545116953094,43.4226995901537
2017,1610612740,"New Orleans Pelicans","NOP",82,48,9161,9054,0.540765395285384,44.3427624134015
2017,1610612741,"Chicago Bulls","CHI",82,27,8440,9017,0.284986498777833,23.3688928997823
2017,1610612742,"Dallas Mavericks","DAL",82,24,8390,8639,0.399675772148495,32.7734133161766
2017,1610612743,"Denver Nuggets","DEN",82,46,9020,8899,0.546827472298555,44.8398527284815
2017,1610612744,"Golden State Warriors","GSW",82,58,9304,8814,0.679739173317202,55.7386122120106
2017,1610612745,"Houston Rockets","HOU",82,65,9213,8518,0.748573061347079,61.3829910304605
2017,1610612746,"Los Angeles Clippers","LAC",82,42,8937,8934,0.501167531882583,41.0957376143718
2017,1610612747,"Los Angeles Lakers","LAL",82,35,8862,8989,0.450679091700584,36.9556855194479
2017,1610612748,"Miami Heat","MIA",82,44,8480,8441,0.516024619383536,42.31401878945
2017,1610612749,"Milwaukee Bucks","MIL",82,44,8731,8756,0.490058203135112,40.1847726570792
2017,1610612750,"Minnesota Timberwolves","MIN",82,47,8980,8797,0.571113285004176,46.8312893703425
2017,1610612751,"Brooklyn Nets","BKN",82,28,8741,9048,0.382214054666406,31.3415524826453
2017,1610612752,"New York Knicks","NYK",82,29,8566,8858,0.385500658331234,31.6110539831612
2017,1610612753,"Orlando Magic","ORL",82,25,8479,8874,0.346747721819831,28.4333131892262
2017,1610612754,"Indiana Pacers","IND",82,48,8656,8543,0.545569244786877,44.7366780725239
2017,1610612755,"Philadelphia 76ers","PHI",82,52,9004,8635,0.641542859177973,52.6065144525938
2017,1610612756,"Phoenix Suns","PHX",82,21,8522,9290,0.231429128383333,18.9771885274333
2017,1610612757,"Portland Trail Blazers","POR",82,49,8661,8448,0.585735929002562,48.03034617821
2017,1610612758,"Sacramento Kings","SAC",82,27,8104,8677,0.278823590516121,22.8635344223219
2017,1610612759,"San Antonio Spurs","SAS",82,47,8424,8187,0.597955382843021,49.0323413931277
2017,1610612760,"Oklahoma City Thunder","OKC",82,48,8844,8564,0.610047294294675,50.0238781321634
2017,1610612761,"Toronto Raptors","TOR",82,59,9156,8518,0.73197951677685,60.0223203757017
2017,1610612762,"Utah Jazz","UTA",82,48,8540,8187,0.642720020253607,52.7030416607957
2017,1610612763,"Memphis Grizzlies","MEM",82,22,8145,8654,0.300863773051679,24.6708293902377
2017,1610612764,"Washington Wizards","WAS",82,43,8742,8694,0.519137288387428,42.5692576477691
2017,1610612765,"Detroit Pistons","DET",82,39,8509,8521,0.495099392762824,40.5981502065516
2017,1610612766,"Charlotte Hornets","CHA",82,36,8874,8853,0.508238384958726,41.6755475666155
2018,1610612737,"Atlanta Hawks","ATL",82,29,9294,9788,0.327310921864472,26.8394955928867
2018,1610612738,"Boston Celtics","BOS",82,49,9216,8852,0.63657765093731,52.1993673768594
2018,1610612739,"Cleveland Cavaliers","CLE",82,19,8567,9355,0.227235494229425,18.6333105268129
2018,1610612740,"New Orleans Pelicans","NOP",82,33,9466,9575,0.460269679503617,37.7421137192966
2018,1610612741,"Chicago Bulls","CHI",82,22,8605,9295,0.254847666062038,20.8975086170871
2018,1610612742,"Dallas Mavericks","DAL",82,33,8927,9032,0.459425497774078,37.6728908174744
2018,1610612743,"Denver Nuggets","DEN",82,54,9075,8751,0.623798764443033,51.1514986843287
2018,1610612744,"Golden State Warriors","GSW",82,57,9650,9120,0.686917965415279,56.3272731640529
2018,1610612745,"Houston Rockets","HOU",82,53,9341,8950,0.644463105148748,52.8459746221973
2018,1610612746,"Los Angeles Clippers","LAC",82,48,9442,9372,0.525854046635665,43.1200318241246
2018,1610612747,"Los Angeles Lakers","LAL",82,37,9165,9306,0.447106015105862,36.6626932386807
2018,1610612748,"Miami Heat","MIA",82,39,8668,8687,0.49238635329005,40.3756809697841
2018,1610612749,"Milwaukee Bucks","MIL",82,60,9686,8959,0.747495452161271,61.2946270772242
2018,1610612750,"Minnesota Timberwolves","MIN",82,36,9223,9346,0.454059736878741,37.2328984240568
2018,1610612751,"Brooklyn Nets","BKN",82,42,9204,9210,0.497733804945788,40.8141720055546
2018,1610612752,"New York Knicks","NYK",82,17,8575,9330,0.236172096775065,19.3661119355553
2018,1610612753,"Orlando Magic","ORL",82,42,8800,8742,0.522979551365461,42.8843232119678
2018,1610612754,"Indiana Pacers","IND",82,48,8857,8584,0.607185222473061,49.789188242791
2018,1610612755,"Philadelphia 76ers","PHI",82,51,9445,9224,0.581599545858276,47.6911627603787
2018,1610612756,"Phoenix Suns","PHX",82,19,8815,9581,0.23883436260935,19.5844177339667
2018,1610612757,"Portland Trail Blazers","POR",82,53,9402,9058,0.626792868907359,51.3970152504034
2018,1610612758,"Sacramento Kings","SAC",82,39,9363,9455,0.466049499934434,38.2160589946236
2018,1610612759,"San Antonio Spurs","SAS",82,48,9156,9018,0.552616646614563,45.3145650223942
2018,1610612760,"Oklahoma City Thunder","OKC",82,49,9387,9108,0.603411684664733,49.4797581425081
2018,1610612761,"Toronto Raptors","TOR",82,58,9384,8885,0.681367921367415,55.872169552128
2018,1610612762,"Utah Jazz","UTA",82,50,9161,8730,0.661575374621764,54.2491807189846
2018,1610612763,"Memphis Grizzlies","MEM",82,33,8490,8703,0.414674793753204,34.0033330877627
2018,1610612764,"Washington Wizards","WAS",82,32,9350,9588,0.413469386208646,33.904489669109
2018,1610612765,"Detroit Pistons","DET",82,41,8778,8798,0.492086456272181,40.3510894143188
2018,1610612766,"Charlotte Hornets","CHA",82,39,9081,9171,0.465758531217778,38.1921995598578
